timestamp,number_of_images,last_1k_dicoms_uploadtime,experiment_time,pacs_read_time
2022-05-10 00:01:02.783087,0,32.3105583190918,32.31256413459778,0.009213507175445557
2022-05-10 00:01:54.851877,1000,51.077388048172,84.38135409355164,0.013126327991485595
2022-05-10 00:02:46.404804,2000,50.22284007072449,135.93428134918213,0.024873199462890624
2022-05-10 00:03:41.141253,3000,52.22814178466797,190.67073011398315,0.02775376319885254
2022-05-10 00:04:34.284967,4000,50.35034370422363,243.81444454193115,0.03094804048538208
2022-05-10 00:05:28.148012,5000,50.75125002861023,297.67748951911926,0.03584301233291626
2022-05-10 00:06:21.693971,6000,49.9426908493042,351.22344851493835,0.03323556423187256
2022-05-10 00:07:17.026399,7000,51.993147134780884,406.55587577819824,0.03913666248321533
2022-05-10 00:08:12.009844,8000,51.05375695228577,461.5393216609955,0.04437730312347412
2022-05-10 00:09:08.544013,9000,52.079432249069214,518.0734901428223,0.04538029432296753
2022-05-10 00:10:04.642200,10000,51.54314088821411,574.1716771125793,0.03846359968185425
2022-05-10 00:10:58.813217,11000,50.30764818191528,628.3426947593689,0.04060654878616333
2022-05-10 00:11:52.033585,12000,49.142680168151855,681.5630624294281,0.042973973751068116
2022-05-10 00:12:45.860068,13000,49.50853228569031,735.3895449638367,0.035648164749145506
2022-05-10 00:13:38.365965,14000,48.92512226104736,787.8954422473907,0.03441411256790161
2022-05-10 00:14:30.794356,15000,48.971256494522095,840.323832988739,0.03268442869186401
2022-05-10 00:15:25.672332,16000,51.59298610687256,895.2018096446991,0.033492286205291745
2022-05-10 00:16:17.372391,17000,48.33376598358154,946.9018683433533,0.03340642213821411
2022-05-10 00:17:10.469653,18000,49.73922777175903,999.9991307258606,0.035407490730285644
2022-05-10 00:18:02.622591,19000,48.59771251678467,1052.1520686149597,0.030599663257598875
2022-05-10 00:18:55.974017,20000,50.275370597839355,1105.5034942626953,0.033414108753204344
2022-05-10 00:19:48.025935,21000,48.69649600982666,1157.5554122924805,0.032995460033416746
2022-05-10 00:20:41.131381,22000,49.79025173187256,1210.6608583927155,0.030053699016571046
2022-05-10 00:21:32.786459,23000,48.63672399520874,1262.315936088562,0.03192692756652832
2022-05-10 00:22:26.114460,24000,50.11885213851929,1315.643937587738,0.03306046485900879
2022-05-10 00:23:19.642268,25000,50.206758975982666,1369.1717450618744,0.03586565971374512
2022-05-10 00:24:12.877665,26000,49.633800745010376,1422.4071426391602,0.03294068813323975
2022-05-10 00:25:04.570108,27000,48.38356399536133,1474.0995857715607,0.03195774555206299
2022-05-10 00:25:57.610053,28000,49.82820272445679,1527.1395301818848,0.0315246319770813
2022-05-10 00:26:50.657728,29000,49.88017702102661,1580.187204837799,0.035727813243865966
2022-05-10 00:27:45.193336,30000,50.94782495498657,1634.7228128910065,0.028738839626312254
2022-05-10 00:28:36.883353,31000,48.79914712905884,1686.4128305912018,0.03156466484069824
2022-05-10 00:29:29.744509,32000,49.68867897987366,1739.273986339569,0.03203810691833496
2022-05-10 00:30:21.707777,33000,48.742454051971436,1791.2372546195984,0.03354360818862915
2022-05-10 00:31:13.968653,34000,48.88947772979736,1843.498130083084,0.030885233879089355
2022-05-10 00:32:06.913601,35000,49.84238004684448,1896.4430782794952,0.03230470418930054
2022-05-10 00:32:59.405634,36000,49.24745512008667,1948.935111284256,0.03171277523040771
2022-05-10 00:33:51.060575,37000,48.46662759780884,2000.5900523662567,0.027664899826049805
2022-05-10 00:34:43.594860,38000,49.752761363983154,2053.1243369579315,0.027571117877960204
2022-05-10 00:35:35.798155,39000,49.43220639228821,2105.327632665634,0.03209753513336182
2022-05-10 00:36:30.049012,40000,51.02613162994385,2159.5784890651703,0.030659480094909666
2022-05-10 00:37:23.673933,41000,50.54442381858826,2213.2034106254578,0.03318694591522217
2022-05-10 00:38:15.333188,42000,48.32351279258728,2264.86266541481,0.031067776679992675
2022-05-10 00:39:08.840741,43000,50.385764598846436,2318.370218515396,0.029445021152496337
2022-05-10 00:40:01.272401,44000,49.472190141677856,2370.8018782138824,0.02802762508392334
2022-05-10 00:40:52.780725,45000,48.69057655334473,2422.3102021217346,0.03149759531021118
2022-05-10 00:41:44.658698,46000,48.71420741081238,2474.1881749629974,0.0320212984085083
2022-05-10 00:42:36.735333,47000,48.85853457450867,2526.264810323715,0.03017556667327881
2022-05-10 00:43:28.388469,48000,48.618605852127075,2577.917946100235,0.0321954607963562
2022-05-10 00:44:20.420729,49000,48.796496629714966,2629.950206518173,0.031495766639709474
2022-05-10 00:45:14.602197,50000,51.01586413383484,2684.1316742897034,0.029812753200531006
2022-05-10 00:46:06.787119,51000,49.18964672088623,2736.316596031189,0.023564743995666503
2022-05-10 00:46:59.218690,52000,50.058090925216675,2788.7481677532196,0.027907655239105225
2022-05-10 00:47:50.744350,53000,48.71986413002014,2840.273827314377,0.029869179725646972
2022-05-10 00:48:41.410594,54000,47.66431021690369,2890.940071582794,0.02614326238632202
2022-05-10 00:49:33.523790,55000,49.48187780380249,2943.053267478943,0.030966248512268067
2022-05-10 00:50:25.904144,56000,49.26676154136658,2995.433620929718,0.02887042045593262
2022-05-10 00:51:17.828961,57000,49.022756576538086,3047.35843873024,0.02991997480392456
2022-05-10 00:52:10.485223,58000,49.64820122718811,3100.014700651169,0.027906937599182127
2022-05-10 00:53:02.221863,59000,48.93191480636597,3151.7513403892517,0.028090343475341797
2022-05-10 00:53:56.345265,60000,51.29833674430847,3205.8747420310974,0.02686779499053955
2022-05-10 00:54:47.370966,61000,48.323845624923706,3256.9004435539246,0.029127907752990723
2022-05-10 00:55:39.682626,62000,49.38394904136658,3309.2121036052704,0.0342368745803833
2022-05-10 00:56:32.479083,63000,49.35673999786377,3362.0085604190826,0.031136152744293214
2022-05-10 00:57:25.238612,64000,49.63086819648743,3414.768089532852,0.02805293321609497
2022-05-10 00:58:18.038149,65000,49.97895002365112,3467.5676262378693,0.02575394868850708
2022-05-10 00:59:08.683271,66000,48.05372667312622,3518.212747812271,0.03234019517898559
2022-05-10 01:00:00.295771,67000,48.36350655555725,3569.8252487182617,0.0259249210357666
2022-05-10 01:00:51.727270,68000,48.82396626472473,3621.2567472457886,0.032603838443756104
2022-05-10 01:01:44.972277,69000,49.9699068069458,3674.5017540454865,0.028715460300445556
2022-05-10 01:02:38.966148,70000,51.108298778533936,3728.495625257492,0.02600137233734131
2022-05-10 01:03:30.574771,71000,48.99248123168945,3780.1042487621307,0.029836547374725342
2022-05-10 01:04:22.278428,72000,48.6984658241272,3831.807905435562,0.028497674465179444
2022-05-10 01:05:14.698520,73000,49.555296659469604,3884.227997303009,0.03133556842803955
2022-05-10 01:06:08.124394,74000,50.276246547698975,3937.653870820999,0.02939777135848999
2022-05-10 01:07:00.146698,75000,49.06744456291199,3989.6761753559113,0.029196178913116454
2022-05-10 01:07:52.429823,76000,49.348490476608276,4041.9593000411987,0.02922194719314575
2022-05-10 01:08:45.641687,77000,50.27266263961792,4095.1711645126343,0.025731425285339355
2022-05-10 01:09:39.396411,78000,51.164804220199585,4148.925888299942,0.027755534648895262
2022-05-10 01:10:31.543061,79000,49.355100870132446,4201.0725383758545,0.030649757385253905
2022-05-10 01:11:26.414745,80000,51.79067921638489,4255.944221973419,0.033403477668762206
2022-05-10 01:12:19.119536,81000,49.3485152721405,4308.6490132808685,0.030084517002105713
2022-05-10 01:13:10.963619,82000,48.82166266441345,4360.493096113205,0.0262127947807312
2022-05-10 01:14:03.587714,83000,49.98781681060791,4413.117191553116,0.02607491970062256
2022-05-10 01:14:55.020621,84000,48.81042242050171,4464.550098419189,0.030960862636566163
2022-05-10 01:15:47.354904,85000,49.22216820716858,4516.884381532669,0.03323473930358887
2022-05-10 01:16:39.419553,86000,48.72517418861389,4568.949029922485,0.031146450042724608
2022-05-10 01:17:32.176779,87000,49.62758183479309,4621.7062566280365,0.023717246055603027
2022-05-10 01:18:23.608937,88000,49.04646015167236,4673.138414859772,0.02863211154937744
2022-05-10 01:19:15.539885,89000,49.05374789237976,4725.069362401962,0.026152873039245607
2022-05-10 01:20:09.197251,90000,51.02673864364624,4778.726728439331,0.02419809341430664
2022-05-10 01:21:01.063170,91000,49.431103229522705,4830.5926468372345,0.02758955717086792
2022-05-10 01:21:53.454333,92000,49.61778473854065,4882.9838099479675,0.035819873809814454
2022-05-10 01:22:46.836724,93000,49.78537321090698,4936.366201639175,0.026212105751037596
2022-05-10 01:23:38.473427,94000,49.00009536743164,4988.002904176712,0.027301640510559083
2022-05-10 01:24:29.817678,95000,48.60003924369812,5039.347154855728,0.028930230140686033
2022-05-10 01:25:22.639061,96000,49.9122896194458,5092.168538093567,0.029790077209472656
2022-05-10 01:26:14.413397,97000,48.77732753753662,5143.942874670029,0.030888009071350097
2022-05-10 01:27:06.700392,98000,49.18319082260132,5196.229869127274,0.028461813926696777
2022-05-10 01:27:58.120961,99000,48.55824851989746,5247.650438070297,0.024301719665527344
2022-05-10 01:28:51.708035,100000,51.14195728302002,5301.237512350082,0.029132051467895506
2022-05-10 01:29:44.657903,101000,50.02265214920044,5354.187380313873,0.02748297691345215
2022-05-10 01:30:36.377282,102000,48.95710349082947,5405.906759023666,0.028393988609313966
2022-05-10 01:31:28.758878,103000,49.52713584899902,5458.288355112076,0.02740795850753784
2022-05-10 01:32:20.841282,104000,49.324549436569214,5510.3707592487335,0.024758944511413573
2022-05-10 01:33:12.924303,105000,49.59338688850403,5562.453780412674,0.03296557426452637
2022-05-10 01:34:05.668498,106000,49.4326057434082,5615.197975635529,0.027316944599151613
2022-05-10 01:34:57.581108,107000,49.16519618034363,5667.110585689545,0.03127844095230103
2022-05-10 01:35:48.990088,108000,48.26710653305054,5718.519565343857,0.03169631004333496
2022-05-10 01:36:42.091679,109000,49.91599369049072,5771.621156692505,0.03516411066055298
2022-05-10 01:37:36.856286,110000,51.23219704627991,5826.385763168335,0.02641239881515503
2022-05-10 01:38:27.926234,111000,48.414676904678345,5877.455711603165,0.02857234001159668
2022-05-10 01:39:20.771094,112000,49.97274827957153,5930.300570964813,0.033185136318206784
2022-05-10 01:40:12.926927,113000,48.82222938537598,5982.456404209137,0.0323235559463501
2022-05-10 01:41:05.774568,114000,49.599252462387085,6035.304045915604,0.029420340061187746
2022-05-10 01:41:58.239792,115000,49.51017236709595,6087.769268989563,0.027956321239471435
2022-05-10 01:42:49.585849,116000,48.53646183013916,6139.115326166153,0.03156064987182617
2022-05-10 01:43:41.981780,117000,49.22689914703369,6191.511257410049,0.028557500839233398
2022-05-10 01:44:33.772609,118000,48.91908049583435,6243.302086353302,0.02581991195678711
2022-05-10 01:45:25.834865,119000,49.46525287628174,6295.36434173584,0.02494194746017456
2022-05-10 01:46:19.053571,120000,50.709476947784424,6348.583047866821,0.031070108413696288
2022-05-10 01:47:12.062088,121000,49.885469913482666,6401.59156537056,0.03232586860656738
2022-05-10 01:48:05.422035,122000,50.10936617851257,6454.951512098312,0.02814448356628418
2022-05-10 01:48:56.614254,123000,48.36191391944885,6506.143731832504,0.0290755295753479
2022-05-10 01:49:48.869924,124000,49.333065032958984,6558.399401664734,0.029479119777679443
2022-05-10 01:50:41.197615,125000,49.3647301197052,6610.727092504501,0.028577558994293213
2022-05-10 01:51:32.494074,126000,48.42370820045471,6662.023550987244,0.029102303981781007
2022-05-10 01:52:24.701609,127000,49.2818922996521,6714.23108625412,0.029224367141723634
2022-05-10 01:53:15.660221,128000,48.02319812774658,6765.1896986961365,0.030879292488098144
2022-05-10 01:54:07.203555,129000,48.44039607048035,6816.733032464981,0.029341032505035402
2022-05-10 01:55:00.299158,130000,50.1435649394989,6869.828635692596,0.03052844762802124
2022-05-10 01:55:52.097285,131000,48.73227787017822,6921.6267619133,0.024788913726806642
2022-05-10 01:56:42.773355,132000,48.1821928024292,6972.302832365036,0.028261525630950926
2022-05-10 01:57:34.955791,133000,49.34221816062927,7024.4852685928345,0.03018929958343506
2022-05-10 01:58:27.269607,134000,49.27886629104614,7076.799084186554,0.027937815189361573
2022-05-10 01:59:19.759371,135000,49.68098258972168,7129.288848161697,0.028340039253234865
2022-05-10 02:00:12.627268,136000,50.01958680152893,7182.156745433807,0.02775148868560791
2022-05-10 02:01:04.707047,137000,49.28863525390625,7234.236523866653,0.028088884353637697
2022-05-10 02:01:56.923644,138000,49.3896803855896,7286.453120946884,0.028141813278198244
2022-05-10 02:02:48.638195,139000,48.88536190986633,7338.167672634125,0.028320887088775636
2022-05-10 02:03:43.455373,140000,51.97009015083313,7392.985847234726,0.025348138809204102
2022-05-10 02:04:35.228486,141000,49.22230648994446,7444.757963895798,0.027646324634552
2022-05-10 02:05:27.073176,142000,49.06400799751282,7496.602653741837,0.026521975994110106
2022-05-10 02:06:20.087782,143000,50.34776210784912,7549.617259025574,0.030930836200714112
2022-05-10 02:07:11.990561,144000,48.794726610183716,7601.520038366318,0.029288008213043212
2022-05-10 02:08:04.276022,145000,49.34208130836487,7653.80549955368,0.02651054859161377
2022-05-10 02:08:57.016993,146000,50.07490301132202,7706.546469926834,0.03346097469329834
2022-05-10 02:09:49.746258,147000,49.36580038070679,7759.275735616684,0.029252073764801025
2022-05-10 02:10:41.748000,148000,49.06018376350403,7811.277477502823,0.027447834014892578
2022-05-10 02:11:33.284081,149000,48.77705383300781,7862.8135578632355,0.04056229829788208
2022-05-10 02:12:28.018055,150000,50.663971185684204,7917.547532558441,0.03337274074554444
2022-05-10 02:13:21.312424,151000,49.94008779525757,7970.841901063919,0.031174678802490235
2022-05-10 02:14:13.945150,152000,49.49825096130371,8023.474627494812,0.02662912607192993
2022-05-10 02:15:06.009653,153000,49.3886284828186,8075.539130687714,0.026372284889221193
2022-05-10 02:15:59.236194,154000,50.572314977645874,8128.765671253204,0.03080217361450195
2022-05-10 02:16:51.665669,155000,49.33425569534302,8181.195146083832,0.02725929260253906
2022-05-10 02:17:44.039026,156000,49.63344717025757,8233.568503379822,0.029333105087280275
2022-05-10 02:18:36.179290,157000,49.1909601688385,8285.708766937256,0.026536309719085695
2022-05-10 02:19:28.582602,158000,49.733996868133545,8338.112079620361,0.02671572208404541
2022-05-10 02:20:20.766049,159000,49.49786686897278,8390.29552578926,0.028895299434661865
2022-05-10 02:21:15.355239,160000,51.68165922164917,8444.884716749191,0.02830369234085083
2022-05-10 02:22:07.969340,161000,49.76668453216553,8497.498817920685,0.028690743446350097
2022-05-10 02:23:00.394147,162000,49.539799213409424,8549.923624277115,0.02510021924972534
2022-05-10 02:23:53.176609,163000,50.25787425041199,8602.70608663559,0.029065780639648438
2022-05-10 02:24:46.193785,164000,50.08870530128479,8655.723262548447,0.027322368621826174
2022-05-10 02:25:37.639216,165000,48.69743824005127,8707.16869354248,0.027973821163177492
2022-05-10 02:26:29.945968,166000,49.49540376663208,8759.475445270538,0.029275732040405275
2022-05-10 02:27:22.787649,167000,49.90011024475098,8812.317126274109,0.031116371154785157
2022-05-10 02:28:15.912689,168000,49.9973931312561,8865.442166090012,0.029867613315582277
2022-05-10 02:29:08.567075,169000,49.65362906455994,8918.096551895142,0.02983771324157715
2022-05-10 02:30:03.974023,170000,52.407148361206055,8973.503500461578,0.03146711826324463
2022-05-10 02:30:57.601056,171000,50.46634364128113,9027.130532979965,0.0294638729095459
2022-05-10 02:31:51.346086,172000,50.783677101135254,9080.875563383102,0.029947304725646974
2022-05-10 02:32:44.982844,173000,50.62503242492676,9134.51232123375,0.026882503032684326
2022-05-10 02:33:37.712379,174000,50.02629041671753,9187.241856575012,0.027582685947418212
2022-05-10 02:34:29.725170,175000,49.24053955078125,9239.254646778107,0.029987814426422118
2022-05-10 02:35:22.909429,176000,50.17049694061279,9292.43890619278,0.030350193977355958
2022-05-10 02:36:15.568871,177000,49.608394384384155,9345.098348617554,0.02842414379119873
2022-05-10 02:37:09.573638,178000,51.14234805107117,9399.103115797043,0.029075822830200194
2022-05-10 02:38:02.184174,179000,49.68471550941467,9451.713651418686,0.03196974754333496
2022-05-10 02:38:56.595054,180000,51.198123931884766,9506.12453174591,0.025745871067047118
2022-05-10 02:39:48.770338,181000,49.585888147354126,9558.299815654755,0.028880729675292968
2022-05-10 02:40:40.168098,182000,48.495675563812256,9609.697574853897,0.026767356395721434
2022-05-10 02:41:32.422633,183000,49.561744689941406,9661.952110052109,0.0260381817817688
2022-05-10 02:42:24.906669,184000,49.86720538139343,9714.436146736145,0.027070283889770508
2022-05-10 02:43:17.241454,185000,49.611748933792114,9766.770931005478,0.029340686798095702
2022-05-10 02:44:10.285745,186000,50.093217611312866,9819.815222501755,0.0322523021697998
2022-05-10 02:45:03.005960,187000,49.48099946975708,9872.535436868668,0.031556937694549564
2022-05-10 02:45:56.908370,188000,50.73274326324463,9926.437847614288,0.028272597789764403
2022-05-10 02:46:49.400140,189000,49.64950966835022,9978.92961716652,0.02810234785079956
2022-05-10 02:47:43.083463,190000,50.85651421546936,10032.612940073013,0.02710465908050537
2022-05-10 02:48:37.614779,191000,51.80763292312622,10087.144256591797,0.026177740097045897
2022-05-10 02:49:30.517442,192000,50.268890619277954,10140.046919584274,0.02663975477218628
2022-05-10 02:50:22.638462,193000,49.439704179763794,10192.167938947678,0.02488126277923584
2022-05-10 02:51:15.717995,194000,50.576409339904785,10245.247472763062,0.032338573932647705
2022-05-10 02:52:08.715967,195000,49.74811577796936,10298.245443820953,0.03545692205429077
2022-05-10 02:53:02.709184,196000,50.43154549598694,10352.238661766052,0.026814367771148682
2022-05-10 02:53:55.048280,197000,49.64267158508301,10404.577757120132,0.02739074230194092
2022-05-10 02:54:46.562389,198000,48.761032819747925,10456.091866493225,0.030192313194274904
2022-05-10 02:55:39.626433,199000,50.030075788497925,10509.155910015106,0.027980685234069824
2022-05-10 02:56:33.328905,200000,50.88943362236023,10562.858382701874,0.026798970699310302
2022-05-10 02:57:25.663203,201000,49.63936519622803,10615.192680358887,0.026370015144348145
2022-05-10 02:58:18.664309,202000,50.34810519218445,10668.193785905838,0.030422508716583252
2022-05-10 02:59:11.370001,203000,49.64957785606384,10720.899478912354,0.03494619131088257
2022-05-10 03:00:04.324858,204000,49.443270206451416,10773.854335069656,0.02903691530227661
2022-05-10 03:00:57.334944,205000,50.09342098236084,10826.864421606064,0.02826131820678711
2022-05-10 03:01:50.193822,206000,50.01832413673401,10879.72329902649,0.03002833843231201
2022-05-10 03:02:45.977558,207000,52.76390552520752,10935.50703549385,0.029888687133789064
2022-05-10 03:03:38.762430,208000,49.7790093421936,10988.291907310486,0.02970589876174927
2022-05-10 03:04:32.196735,209000,50.44670915603638,11041.72621178627,0.029342508316040038
2022-05-10 03:05:26.187083,210000,51.04107427597046,11095.716560602188,0.028053507804870606
2022-05-10 03:06:18.120407,211000,49.113006591796875,11147.649884223938,0.03346885204315186
2022-05-10 03:07:11.245904,212000,49.763598680496216,11200.775381803513,0.025023882389068604
2022-05-10 03:08:04.040321,213000,50.27605104446411,11253.569797992706,0.035463430881500245
2022-05-10 03:08:56.834903,214000,49.232237577438354,11306.36438035965,0.03142060518264771
2022-05-10 03:09:49.922084,215000,49.92968511581421,11359.45156121254,0.026638693809509277
2022-05-10 03:10:43.010058,216000,50.40907168388367,11412.539535999298,0.03047619581222534
2022-05-10 03:11:35.814663,217000,49.73998403549194,11465.344140291214,0.029454069137573244
2022-05-10 03:12:27.690822,218000,48.91474628448486,11517.220299243927,0.026485741138458252
2022-05-10 03:13:19.501422,219000,49.146695137023926,11569.030899524689,0.02703781604766846
2022-05-10 03:14:12.447070,220000,50.226866483688354,11621.976547718048,0.03168212652206421
2022-05-10 03:15:04.579937,221000,48.94965720176697,11674.109414100647,0.02761908769607544
2022-05-10 03:15:57.907474,222000,50.55069160461426,11727.436951637268,0.027098689079284668
2022-05-10 03:16:50.445851,223000,49.81339764595032,11779.975328207016,0.031115388870239256
2022-05-10 03:17:47.795881,224000,54.221487045288086,11837.325358629227,0.02820430517196655
2022-05-10 03:18:42.135891,225000,51.502580642700195,11891.665368556976,0.025125091075897218
2022-05-10 03:19:34.048145,226000,49.38575053215027,11943.577622652054,0.02744957685470581
2022-05-10 03:20:25.303810,227000,48.49575662612915,11994.833287239075,0.027938125133514406
2022-05-10 03:21:16.774314,228000,48.662659645080566,12046.303791284561,0.028416998386383056
2022-05-10 03:22:08.520608,229000,48.88960599899292,12098.050085067749,0.026158318519592286
2022-05-10 03:23:03.234768,230000,52.08103394508362,12152.764245271683,0.02666295528411865
2022-05-10 03:23:55.985114,231000,50.070024490356445,12205.514591217041,0.028980042934417725
2022-05-10 03:24:48.760392,232000,49.86126947402954,12258.289869070053,0.02793426513671875
2022-05-10 03:25:40.532632,233000,48.96380162239075,12310.062109231949,0.03005159616470337
2022-05-10 03:26:32.805606,234000,49.25283098220825,12362.335082769394,0.028881266117095947
2022-05-10 03:27:25.709508,235000,49.999717712402344,12415.238985061646,0.02648134469985962
2022-05-10 03:28:19.868631,236000,51.49498748779297,12469.398108243942,0.028637068271636965
2022-05-10 03:29:12.463316,237000,49.71591401100159,12521.99279332161,0.031907873153686525
2022-05-10 03:30:05.273704,238000,49.604602098464966,12574.803181886673,0.028491501808166505
2022-05-10 03:30:58.102927,239000,49.966115951538086,12627.632404327393,0.029591052532196044
2022-05-10 03:31:53.524212,240000,52.44721031188965,12683.053689479828,0.035260610580444336
2022-05-10 03:32:47.288126,241000,50.22405385971069,12736.817602872849,0.027615664005279542
2022-05-10 03:33:39.816238,242000,49.75256633758545,12789.345715522766,0.028599476814270018
2022-05-10 03:34:33.062351,243000,50.371164321899414,12842.591828584671,0.02663443088531494
2022-05-10 03:35:25.314743,244000,49.57498025894165,12894.844220161438,0.02974916934967041
2022-05-10 03:36:17.448287,245000,49.14361357688904,12946.977764368057,0.029619340896606446
2022-05-10 03:37:11.089406,246000,50.66319012641907,13000.618883132935,0.02975675106048584
2022-05-10 03:38:03.874066,247000,49.78701972961426,13053.40354347229,0.026550474166870116
2022-05-10 03:38:56.682552,248000,50.139477252960205,13106.212028980255,0.026011126041412355
2022-05-10 03:39:49.421004,249000,50.116257190704346,13158.950480937958,0.027700161933898924
2022-05-10 03:40:42.791307,250000,50.583258867263794,13212.32078409195,0.033565571308135984
2022-05-10 03:41:37.861997,251000,51.69916534423828,13267.391474723816,0.029084694385528565
2022-05-10 03:42:30.453419,252000,49.66537022590637,13319.982896327972,0.027441656589508055
2022-05-10 03:43:22.328224,253000,49.11566734313965,13371.857701539993,0.026804192066192625
2022-05-10 03:44:13.376503,254000,48.35189366340637,13422.905980348587,0.03029541492462158
2022-05-10 03:45:05.690393,255000,49.267340660095215,13475.219870567322,0.026883492469787596
2022-05-10 03:45:58.236595,256000,49.842873334884644,13527.766072511673,0.029306085109710694
2022-05-10 03:46:50.767072,257000,49.58583736419678,13580.296548843384,0.02746809959411621
2022-05-10 03:47:43.188933,258000,49.65971040725708,13632.718410253525,0.030531957149505615
2022-05-10 03:48:36.179774,259000,49.89935612678528,13685.709251642227,0.029013593196868897
2022-05-10 03:49:30.848885,260000,51.75075078010559,13740.378362417221,0.031007070541381836
2022-05-10 03:50:23.224609,261000,49.260042667388916,13792.754086017609,0.02770214319229126
2022-05-10 03:51:15.141003,262000,49.1301703453064,13844.67048072815,0.028032715320587157
2022-05-10 03:52:07.921375,263000,49.963125228881836,13897.450852632523,0.030316317081451417
2022-05-10 03:53:00.105490,264000,49.13748860359192,13949.634967327118,0.02920823812484741
2022-05-10 03:53:52.176968,265000,49.13671112060547,14001.706445932388,0.03206121683120727
2022-05-10 03:54:44.232376,266000,48.83428692817688,14053.76185297966,0.029672446250915526
2022-05-10 03:55:35.688770,267000,48.4734251499176,14105.218247652054,0.02621880292892456
2022-05-10 03:56:27.848017,268000,49.52139735221863,14157.377494573593,0.02995103120803833
2022-05-10 03:57:21.026079,269000,50.167953968048096,14210.555555820465,0.028874266147613525
2022-05-10 03:58:15.179067,270000,51.249568939208984,14264.708544015884,0.031384618282318116
2022-05-10 03:59:06.898519,271000,48.5650269985199,14316.427996635437,0.025202016830444336
2022-05-10 03:59:58.748700,272000,49.31392574310303,14368.278177261353,0.03415820121765137
2022-05-10 04:00:51.972019,273000,49.79087162017822,14421.501496076584,0.029368841648101808
2022-05-10 04:01:45.422264,274000,50.49833130836487,14474.951740980148,0.03121802806854248
2022-05-10 04:02:38.322128,275000,49.76303172111511,14527.851605415344,0.029757013320922853
2022-05-10 04:03:32.009815,276000,50.69711971282959,14581.539291858673,0.03308496952056885
2022-05-10 04:04:25.085969,277000,49.75197386741638,14634.615446090698,0.030257790088653563
2022-05-10 04:05:17.743734,278000,49.61598205566406,14687.273211240768,0.027135748863220215
2022-05-10 04:06:10.932433,279000,50.45915246009827,14740.461910009384,0.028562493324279785
2022-05-10 04:07:05.183783,280000,51.382035970687866,14794.713260650635,0.029211957454681397
2022-05-10 04:07:59.033413,281000,50.91343140602112,14848.562890768051,0.026672770977020265
2022-05-10 04:08:49.929407,282000,48.212578773498535,14899.458884477615,0.02422736644744873
2022-05-10 04:09:41.888639,283000,49.52049922943115,14951.418116092682,0.026599996089935303
2022-05-10 04:10:33.657887,284000,49.093242168426514,15003.18736410141,0.026607284545898436
2022-05-10 04:11:24.684876,285000,48.351433515548706,15054.21435379982,0.02864354372024536
2022-05-10 04:12:17.388490,286000,49.82226896286011,15106.917967319489,0.03306941509246826
2022-05-10 04:13:10.325819,287000,49.615389585494995,15159.855296373367,0.030223522186279297
2022-05-10 04:14:02.653857,288000,49.29166507720947,15212.183334112167,0.02850724458694458
2022-05-10 04:14:55.014833,289000,49.49763345718384,15264.544310092926,0.02836839437484741
2022-05-10 04:15:48.908294,290000,51.04059338569641,15318.43777179718,0.03142122745513916
2022-05-10 04:16:40.739147,291000,48.67073035240173,15370.268624544144,0.029204294681549073
2022-05-10 04:17:33.918068,292000,50.244489669799805,15423.447545289993,0.03083646535873413
2022-05-10 04:18:27.728808,293000,50.711079597473145,15477.258285284042,0.027223422527313232
2022-05-10 04:19:21.542119,294000,51.07646656036377,15531.071596622467,0.03014542579650879
2022-05-10 04:20:14.406288,295000,49.834726095199585,15583.935765743256,0.029131743907928467
2022-05-10 04:21:06.716839,296000,49.382813692092896,15636.246315956116,0.03125103712081909
2022-05-10 04:21:59.430176,297000,49.57263374328613,15688.959653139114,0.03206890344619751
2022-05-10 04:22:52.010741,298000,49.35967254638672,15741.540218353271,0.028056092262268066
2022-05-10 04:23:44.943411,299000,50.110777378082275,15794.472888231277,0.030057146549224853
2022-05-10 04:24:39.752981,300000,51.78884220123291,15849.282458782196,0.030232882499694823
2022-05-10 04:25:31.736386,301000,48.93611216545105,15901.265862941742,0.026902499198913573
2022-05-10 04:26:23.365189,302000,48.92453861236572,15952.894665956497,0.027637319564819338
2022-05-10 04:27:15.289054,303000,49.14415454864502,16004.818530797958,0.02420928478240967
2022-05-10 04:28:07.220275,304000,49.49523735046387,16056.749752044678,0.031073663234710693
2022-05-10 04:29:00.201634,305000,49.85893726348877,16109.73111128807,0.03225032091140747
2022-05-10 04:29:59.986823,306000,56.54416060447693,16169.516299962997,0.031334333419799805
2022-05-10 04:30:52.893684,307000,49.75542140007019,16222.423160791397,0.029081811904907228
2022-05-10 04:31:45.245588,308000,49.42672252655029,16274.775065422058,0.029579524993896485
2022-05-10 04:32:37.247461,309000,49.02792143821716,16326.776938199997,0.031166033744812013
2022-05-10 04:33:31.486550,310000,51.09451627731323,16381.016026973724,0.031424250602722165
2022-05-10 04:34:23.923810,311000,49.27985763549805,16433.453287124634,0.03425644636154175
2022-05-10 04:35:15.993631,312000,48.62815809249878,16485.523108959198,0.028594181537628174
2022-05-10 04:36:08.688048,313000,49.821030378341675,16538.21752524376,0.02730217218399048
2022-05-10 04:37:01.855005,314000,50.421732664108276,16591.384482622147,0.03369253396987915
2022-05-10 04:37:54.134412,315000,48.89515423774719,16643.66388964653,0.028209362030029297
2022-05-10 04:38:45.893369,316000,48.924031496047974,16695.42284655571,0.02618406534194946
2022-05-10 04:39:38.174481,317000,49.647719621658325,16747.703958034515,0.029160711765289307
2022-05-10 04:40:30.520784,318000,49.41523289680481,16800.050261735916,0.027284867763519287
2022-05-10 04:41:23.038185,319000,49.774882555007935,16852.567662715912,0.03415793180465698
2022-05-10 04:42:18.279729,320000,51.807751417160034,16907.80920600891,0.028588454723358154
2022-05-10 04:43:11.775848,321000,50.622281551361084,16961.305325508118,0.027828314304351807
2022-05-10 04:44:03.572967,322000,49.00124764442444,17013.102444410324,0.028688292503356933
2022-05-10 04:44:55.900878,323000,49.44447088241577,17065.43035554886,0.027025127410888673
2022-05-10 04:45:48.208622,324000,49.591246128082275,17117.738099098206,0.02446553945541382
2022-05-10 04:46:39.486175,325000,48.814982175827026,17169.015652179718,0.029631922245025633
2022-05-10 04:47:32.250959,326000,49.78552055358887,17221.780436754227,0.02981663227081299
2022-05-10 04:48:25.797552,327000,50.54994010925293,17275.32702946663,0.030675222873687746
2022-05-10 04:49:19.485736,328000,50.60366630554199,17329.015213251114,0.028477115631103514
2022-05-10 04:50:10.506856,329000,48.15740704536438,17380.036333322525,0.030122907161712648
2022-05-10 04:51:04.380889,330000,50.845977783203125,17433.91036629677,0.02875354290008545
2022-05-10 04:51:58.342260,331000,51.07115888595581,17487.871737718582,0.0286704158782959
2022-05-10 04:52:49.591885,332000,48.367600202560425,17539.12136220932,0.02780578851699829
2022-05-10 04:53:41.566542,333000,49.17911720275879,17591.096019506454,0.02846606254577637
2022-05-10 04:54:34.738670,334000,50.310500621795654,17644.26814723015,0.03368083000183106
2022-05-10 04:55:28.368455,335000,50.24709105491638,17697.89793252945,0.03125697374343872
2022-05-10 04:56:25.141861,336000,53.63270568847656,17754.67133831978,0.03202682971954346
2022-05-10 04:57:17.373817,337000,49.00827646255493,17806.903294801712,0.02633713960647583
2022-05-10 04:58:09.282754,338000,49.26127362251282,17858.8122317791,0.029743733406066893
2022-05-10 04:59:01.580424,339000,49.30833983421326,17911.10990166664,0.033581492900848386
2022-05-10 04:59:56.346685,340000,51.39211320877075,17965.876162052155,0.029635443687438964
2022-05-10 05:00:49.630634,341000,50.30740475654602,18019.160111427307,0.02637880325317383
2022-05-10 05:01:43.654381,342000,51.372124433517456,18073.18385863304,0.030940773487091063
2022-05-10 05:02:36.171079,343000,49.40660500526428,18125.700556755066,0.028335731029510498
2022-05-10 05:03:27.537154,344000,48.516427516937256,18177.066631793976,0.028883490562438965
2022-05-10 05:04:20.109841,345000,49.66931128501892,18229.639318227768,0.029222843647003175
2022-05-10 05:05:12.057903,346000,49.01076292991638,18281.587379932404,0.031977486610412595
2022-05-10 05:06:03.287240,347000,48.016505002975464,18332.81671690941,0.024781954288482667
2022-05-10 05:06:54.953222,348000,49.17073726654053,18384.48269867897,0.030617616176605224
2022-05-10 05:07:46.948381,349000,48.918023109436035,18436.477858543396,0.030207667350769043
2022-05-10 05:08:40.756325,350000,50.770177602767944,18490.285801887512,0.027201185226440428
2022-05-10 05:09:32.775091,351000,49.283910274505615,18542.304568052292,0.025257914066314696
2022-05-10 05:10:23.629254,352000,48.31229853630066,18593.158731222153,0.029990837574005128
2022-05-10 05:11:14.818596,353000,48.17425775527954,18644.348073005676,0.028730006217956544
2022-05-10 05:12:08.372193,354000,50.66358470916748,18697.901670217514,0.028912355899810793
2022-05-10 05:13:00.648898,355000,49.37192177772522,18750.178375005722,0.024534080028533935
2022-05-10 05:13:52.064089,356000,48.94782590866089,18801.593566417694,0.03269898414611817
2022-05-10 05:14:45.584042,357000,50.235055685043335,18855.11351966858,0.026739861965179443
2022-05-10 05:15:38.595844,358000,50.321763038635254,18908.125320911407,0.028482332229614257
2022-05-10 05:16:30.711823,359000,49.25171256065369,18960.24129986763,0.027421875
2022-05-10 05:17:24.078672,360000,50.609660387039185,19013.608149051666,0.030427703857421873
2022-05-10 05:18:16.532247,361000,49.39475440979004,19066.061724185944,0.03324883460998535
2022-05-10 05:19:09.582371,362000,49.71121263504028,19119.11184835434,0.029260320663452147
2022-05-10 05:20:03.089075,363000,50.564637184143066,19172.618552684784,0.030705890655517577
2022-05-10 05:20:55.284821,364000,49.109058141708374,19224.814297914505,0.03212685346603394
2022-05-10 05:21:47.252502,365000,48.73896288871765,19276.781978845596,0.029073009490966795
2022-05-10 05:22:39.168578,366000,48.99581265449524,19328.698055267334,0.02848597288131714
2022-05-10 05:23:30.728763,367000,48.69552183151245,19380.25824022293,0.033942070007324215
2022-05-10 05:24:25.031063,368000,50.89406633377075,19434.56053996086,0.030883450508117676
2022-05-10 05:25:17.163598,369000,49.02939796447754,19486.693075418472,0.03312016248703003
2022-05-10 05:26:11.264802,370000,50.775187730789185,19540.794278860092,0.02917567253112793
2022-05-10 05:27:03.229022,371000,49.03167247772217,19592.75849890709,0.030467643737792968
2022-05-10 05:27:55.127704,372000,48.83795213699341,19644.65718150139,0.028895459175109862
2022-05-10 05:28:46.662696,373000,48.62942838668823,19696.19217276573,0.02905594348907471
2022-05-10 05:29:38.386152,374000,48.80188226699829,19747.91562962532,0.02991072177886963
2022-05-10 05:30:31.930954,375000,50.5377311706543,19801.46043086052,0.030501279830932617
2022-05-10 05:31:24.728195,376000,49.73229646682739,19854.257672071457,0.03704869270324707
2022-05-10 05:32:16.783244,377000,48.33218336105347,19906.31272125244,0.028890244960784912
2022-05-10 05:33:08.346871,378000,48.66065001487732,19957.876348257065,0.026610105037689208
2022-05-10 05:34:00.729421,379000,49.70856976509094,20010.258898496628,0.024102256298065186
2022-05-10 05:35:06.211397,380000,63.056751012802124,20075.740874052048,0.05059577465057373
2022-05-10 05:36:10.217493,381000,58.92051982879639,20139.746970176697,0.031152331829071046
2022-05-10 05:37:07.694478,382000,54.344756841659546,20197.223955392838,0.029567148685455322
2022-05-10 05:38:03.760877,383000,53.08671236038208,20253.29035449028,0.028688106536865234
2022-05-10 05:38:56.643937,384000,49.99626851081848,20306.173414230347,0.026416680812835693
2022-05-10 05:39:50.437359,385000,51.12925577163696,20359.966836214066,0.027721333503723144
2022-05-10 05:40:41.267523,386000,48.04000234603882,20410.797000408173,0.030032927989959716
2022-05-10 05:41:33.426123,387000,49.1380398273468,20462.95560026169,0.029768962860107422
2022-05-10 05:42:26.212428,388000,49.794431924819946,20515.74190545082,0.025068769454956053
2022-05-10 05:43:17.878348,389000,49.14407014846802,20567.407824993134,0.0289847993850708
2022-05-10 05:44:13.750032,390000,52.958202838897705,20623.279509305954,0.0263938045501709
2022-05-10 05:45:05.754376,391000,49.345953941345215,20675.283853530884,0.029649996757507326
2022-05-10 05:45:58.239290,392000,49.50387239456177,20727.768766880035,0.030269114971160888
2022-05-10 05:46:49.857423,393000,48.57419776916504,20779.38689994812,0.028364028930664063
2022-05-10 05:47:42.840580,394000,50.1327486038208,20832.3700568676,0.02645596981048584
2022-05-10 05:48:35.025665,395000,49.52689552307129,20884.555142641068,0.031053993701934814
2022-05-10 05:49:27.864462,396000,49.71724009513855,20937.393939733505,0.02813260555267334
2022-05-10 05:50:19.564119,397000,48.87123775482178,20989.093596220016,0.027201991081237793
2022-05-10 05:51:12.492427,398000,50.19207692146301,21042.021904468536,0.028305306434631347
2022-05-10 05:52:04.274101,399000,48.93514394760132,21093.80357813835,0.028796358108520506
2022-05-10 05:52:59.237431,400000,52.066662073135376,21148.76690864563,0.02680829048156738
2022-05-10 05:53:51.814408,401000,49.88014316558838,21201.34388566017,0.029931232929229737
2022-05-10 05:54:44.678231,402000,49.85473561286926,21254.207708597183,0.028328056335449218
2022-05-10 05:55:37.778714,403000,50.25467538833618,21307.308191776276,0.0321927547454834
2022-05-10 05:56:30.490441,404000,49.47643804550171,21360.019918203354,0.02989342212677002
2022-05-10 05:57:21.517323,405000,48.020529985427856,21411.046800136566,0.0279598593711853
2022-05-10 05:58:16.623379,406000,52.29462194442749,21466.152855873108,0.028971600532531738
2022-05-10 05:59:11.842526,407000,52.305883169174194,21521.37200331688,0.029527153968811035
2022-05-10 06:00:04.909958,408000,50.09868597984314,21574.439435005188,0.03170459508895874
2022-05-10 06:00:58.976719,409000,50.88130831718445,21628.50619649887,0.030957839488983153
2022-05-10 06:01:53.432601,410000,51.34712481498718,21682.962077856064,0.03430320978164673
2022-05-10 06:02:45.734612,411000,48.8546838760376,21735.264089345932,0.029174728393554686
2022-05-10 06:03:36.989623,412000,48.322526931762695,21786.519100427628,0.026601457595825197
2022-05-10 06:04:28.718939,413000,49.05414056777954,21838.248416900635,0.030471837520599364
2022-05-10 06:05:20.801839,414000,49.01969051361084,21890.33131623268,0.0372688627243042
2022-05-10 06:06:13.965270,415000,49.421552896499634,21943.494747638702,0.02940081596374512
2022-05-10 06:07:06.126303,416000,49.2069137096405,21995.6557803154,0.02660471200942993
2022-05-10 06:07:58.454801,417000,49.652700424194336,22047.984278202057,0.030615384578704833
2022-05-10 06:08:51.914141,418000,50.384074687957764,22101.44361782074,0.03011408567428589
2022-05-10 06:09:45.917769,419000,50.97827434539795,22155.447246551514,0.025119714736938477
2022-05-10 06:10:39.387978,420000,50.9422972202301,22208.917455673218,0.028352220058441163
2022-05-10 06:11:32.686393,421000,50.44718527793884,22262.215870141983,0.033569881916046145
2022-05-10 06:12:25.657153,422000,49.596771240234375,22315.186630249023,0.029602036476135254
2022-05-10 06:13:17.050200,423000,48.41685104370117,22366.57967710495,0.030710642337799073
2022-05-10 06:14:11.089250,424000,50.952980756759644,22420.618727445602,0.02966578722000122
2022-05-10 06:15:03.595337,425000,49.52349066734314,22473.124814510345,0.02865164279937744
2022-05-10 06:15:56.146144,426000,49.6686909198761,22525.675620794296,0.02623033046722412
2022-05-10 06:16:49.974239,427000,51.19057655334473,22579.50371646881,0.029415509700775146
2022-05-10 06:17:43.676717,428000,50.74624443054199,22633.20619392395,0.025380256175994872
2022-05-10 06:18:35.793409,429000,49.56370425224304,22685.32288646698,0.02798141002655029
2022-05-10 06:19:31.717637,430000,53.11105394363403,22741.24711418152,0.03486332654953003
2022-05-10 06:20:24.002257,431000,48.78230357170105,22793.531734466553,0.03366837739944458
2022-05-10 06:21:16.069108,432000,48.683011054992676,22845.598585367203,0.029718248844146727
2022-05-10 06:22:08.720685,433000,49.66149616241455,22898.250161886215,0.02761739492416382
2022-05-10 06:23:01.574445,434000,50.0760223865509,22951.103922128677,0.027404336929321288
2022-05-10 06:23:53.799078,435000,49.46919918060303,23003.328555345535,0.0313139009475708
2022-05-10 06:24:46.354406,436000,49.40792489051819,23055.883883714676,0.026489005088806153
2022-05-10 06:25:39.282790,437000,50.26348662376404,23108.812267541885,0.028198976516723633
2022-05-10 06:26:31.495198,438000,49.376534938812256,23161.024675130844,0.028956966400146486
2022-05-10 06:27:26.226445,439000,51.81895565986633,23215.755922555923,0.031583812236785885
2022-05-10 06:28:21.183797,440000,51.78299951553345,23270.71327471733,0.028888471126556396
2022-05-10 06:29:13.540076,441000,49.45341968536377,23323.069553613663,0.03230445146560669
2022-05-10 06:30:06.011918,442000,49.22338581085205,23375.541395425797,0.028500969409942626
2022-05-10 06:30:58.444709,443000,49.56672549247742,23427.97418642044,0.02744988203048706
2022-05-10 06:31:49.887263,444000,48.68358755111694,23479.416740894318,0.028671722412109375
2022-05-10 06:32:41.629728,445000,48.85928750038147,23531.159205675125,0.027998249530792236
2022-05-10 06:33:34.627397,446000,50.18184447288513,23584.156874656677,0.03168206453323364
2022-05-10 06:34:29.875746,447000,52.064544916152954,23639.4052233696,0.03062875509262085
2022-05-10 06:35:21.579376,448000,48.624772787094116,23691.10885334015,0.027504584789276122
2022-05-10 06:36:14.006002,449000,49.66015839576721,23743.535479307175,0.03338738441467285
2022-05-10 06:37:10.359432,450000,53.00124502182007,23799.888909339905,0.02723588705062866
2022-05-10 06:38:03.955722,451000,50.85568690299988,23853.485199451447,0.029417538642883302
2022-05-10 06:38:56.770425,452000,49.857969522476196,23906.299902439117,0.03703333616256714
2022-05-10 06:39:51.539875,453000,51.050108671188354,23961.069352388382,0.030735011100769042
2022-05-10 06:40:50.977425,454000,56.347049713134766,24020.506902456284,0.033961544036865236
2022-05-10 06:41:56.504454,455000,62.11290502548218,24086.03393149376,0.03628549575805664
2022-05-10 06:42:50.168780,456000,50.01980710029602,24139.698256969452,0.033549137115478515
2022-05-10 06:43:47.876287,457000,54.33560490608215,24197.405764102936,0.031373074054718016
2022-05-10 06:44:40.707732,458000,49.679139614105225,24250.23720932007,0.033600053787231444
2022-05-10 06:45:37.933824,459000,53.84607696533203,24307.46330142021,0.027858014106750487
2022-05-10 06:46:34.167507,460000,53.430402755737305,24363.696984529495,0.033327205181121825
2022-05-10 06:47:27.223594,461000,49.70835041999817,24416.7530708313,0.032149438858032224
2022-05-10 06:48:20.065526,462000,49.60896372795105,24469.59500336647,0.0311798095703125
2022-05-10 06:49:12.963087,463000,49.76159167289734,24522.492564439774,0.03304357051849365
2022-05-10 06:50:06.103192,464000,49.81774711608887,24575.632669210434,0.03444515943527222
2022-05-10 06:50:59.812179,465000,50.25046420097351,24629.34165596962,0.02765199899673462
2022-05-10 06:51:53.070819,466000,50.47840118408203,24682.600296020508,0.036486189365386966
2022-05-10 06:52:46.529022,467000,49.79458689689636,24736.058499336243,0.031396312713623045
2022-05-10 06:53:39.415846,468000,49.73020339012146,24788.945323228836,0.03829685926437378
2022-05-10 06:54:31.841087,469000,48.579262018203735,24841.370564222336,0.031850721836090085
2022-05-10 06:55:26.648328,470000,51.60417938232422,24896.177805185318,0.03366681575775146
2022-05-10 06:56:19.200536,471000,49.16953229904175,24948.730013608932,0.0344850492477417
2022-05-10 06:57:13.967376,472000,51.30327343940735,25003.496853351593,0.05049795150756836
2022-05-10 06:58:11.734321,473000,52.69910717010498,25061.263798713684,0.03625937223434448
2022-05-10 06:59:05.697205,474000,50.3209662437439,25115.226682186127,0.03234132528305054
2022-05-10 06:59:59.955773,475000,51.008437633514404,25169.486248493195,0.03368468761444092
2022-05-10 07:00:56.323420,476000,52.98314714431763,25225.852897405624,0.028622875213623045
2022-05-10 07:01:50.222713,477000,51.019927978515625,25279.75218987465,0.033674883842468264
2022-05-10 07:02:43.319918,478000,49.71198630332947,25332.849395036697,0.033351712226867676
2022-05-10 07:03:36.562406,479000,49.89131283760071,25386.09188389778,0.03058720588684082
2022-05-10 07:04:29.874243,480000,50.236109018325806,25439.403720140457,0.027226035594940187
2022-05-10 07:05:22.624712,481000,50.01173973083496,25492.15418934822,0.03138143539428711
2022-05-10 07:06:14.946544,482000,49.16667580604553,25544.476021051407,0.031605401039123536
2022-05-10 07:07:08.051318,483000,49.928234815597534,25597.58079481125,0.02590022802352905
2022-05-10 07:07:59.606965,484000,48.951289892196655,25649.136442422867,0.026137020587921143
2022-05-10 07:08:52.691108,485000,50.4564483165741,25702.22058558464,0.03201270580291748
2022-05-10 07:09:45.441317,486000,49.533905029296875,25754.970794200897,0.026766583919525147
2022-05-10 07:10:37.542431,487000,49.40942049026489,25807.07190799713,0.02820521354675293
2022-05-10 07:11:29.883044,488000,49.50410866737366,25859.412521600723,0.030778429508209228
2022-05-10 07:12:22.094424,489000,49.11554956436157,25911.62390089035,0.030195701122283935
2022-05-10 07:13:15.412174,490000,50.282153367996216,25964.941651582718,0.03011976718902588
2022-05-10 07:14:09.670987,491000,51.231807708740234,26019.200464248657,0.029101955890655517
2022-05-10 07:15:02.392554,492000,49.793375730514526,26071.92203116417,0.029025514125823975
2022-05-10 07:15:56.476431,493000,51.167343616485596,26126.00590801239,0.032272558212280276
2022-05-10 07:16:50.281116,494000,50.563441038131714,26179.81059360504,0.0304565167427063
2022-05-10 07:17:43.331044,495000,49.98926830291748,26232.86052107811,0.026232757568359376
2022-05-10 07:18:35.246825,496000,49.27650785446167,26284.776302099228,0.027889044284820558
2022-05-10 07:19:30.099752,497000,52.04902911186218,26339.629229784012,0.031563351154327395
2022-05-10 07:20:23.770212,498000,50.49207878112793,26393.299689769745,0.03138744831085205
2022-05-10 07:21:16.180434,499000,49.257506132125854,26445.709911584854,0.03083224058151245
